class,AAC,BPNC,CTD,DPC
1,0.912467360496521,0.018277280032634735,0.7852674126625061,0.7866261601448059
1,0.8826117515563965,0.9678537249565125,0.9186137318611145,0.7888791561126709
1,0.28077682852745056,0.6835687756538391,0.8923898339271545,0.6144342422485352
1,0.5419339537620544,0.6244327425956726,0.5278734564781189,0.7433462738990784
1,0.6113455295562744,0.839266836643219,0.9578135013580322,0.8991614580154419
1,0.019129471853375435,0.20329821109771729,0.005215260200202465,0.8768297433853149
1,0.5847663283348083,0.4135057032108307,0.9707100987434387,0.8374943733215332
1,0.9486328959465027,0.902944028377533,0.5415523052215576,0.35686424374580383
1,0.5446546673774719,0.060355108231306076,0.9738648533821106,0.7976887226104736
1,0.3805831968784332,0.4822731018066406,0.3545474410057068,0.43943867087364197
1,0.8555209636688232,0.913697361946106,0.2450682520866394,0.9447832107543945
1,0.8464071750640869,0.8453712463378906,0.04932226985692978,0.8430095314979553
1,0.48780369758605957,0.6520793437957764,0.6110078692436218,0.28024396300315857
1,0.7876859307289124,0.9799513816833496,0.9563726186752319,0.8958688974380493
1,0.9281579256057739,0.5682590007781982,0.9077316522598267,0.10468120127916336
1,0.8928545713424683,0.5014389753341675,0.9133036136627197,0.32213684916496277
1,0.9378992915153503,0.9734859466552734,0.7247670292854309,0.9413040280342102
1,0.9709680080413818,0.9520266652107239,0.9991409778594971,0.9755803942680359
1,0.7579835057258606,0.8050649166107178,0.9408419728279114,0.72905433177948
1,0.4647897481918335,0.7729193568229675,0.7108755111694336,0.15203730762004852
1,0.22539052367210388,0.13503478467464447,0.9601213335990906,0.6411226987838745
1,0.987400472164154,0.8027049899101257,0.7631970643997192,0.5845975875854492
1,0.7205410003662109,0.09837096929550171,0.1546337604522705,0.9509255886077881
1,0.9949713945388794,0.7866352200508118,0.96290522813797,0.9599080681800842
1,0.16651608049869537,0.9777163863182068,0.9198907613754272,0.8884848356246948
1,0.9913392663002014,0.27325889468193054,0.9945018291473389,0.4522937834262848
1,0.6974729895591736,0.502533495426178,0.14703260362148285,0.8314730525016785
1,0.9198216795921326,0.9924986958503723,0.9826854467391968,0.9103650450706482
1,0.9791328310966492,0.9162637591362,0.9433000683784485,0.804773211479187
1,0.9794623255729675,0.23686809837818146,0.9912952184677124,0.584082841873169
1,0.9949617385864258,0.7862111330032349,0.5672179460525513,0.9793680906295776
1,0.3543859124183655,0.8342693448066711,0.7566878199577332,0.8522281050682068
1,0.9752643704414368,0.15911288559436798,0.45606034994125366,0.814992368221283
1,0.5662655234336853,0.2173657864332199,0.46937647461891174,0.7598066926002502
1,0.40054258704185486,0.7666006684303284,0.5842676162719727,0.636696457862854
1,0.9837798476219177,0.6931948661804199,0.9930844306945801,0.6489560008049011
1,0.9516197443008423,0.8630340099334717,0.9800388216972351,0.8699254989624023
1,0.9088061451911926,0.6165992021560669,0.4524398148059845,0.8547869324684143
1,0.8848759531974792,0.3359949290752411,0.9609817862510681,0.9579853415489197
1,0.7976700067520142,0.722813069820404,0.9010279178619385,0.9288878440856934
1,0.9946087598800659,0.9905765056610107,0.8756998181343079,0.9098359942436218
1,0.29897287487983704,0.36002665758132935,0.3215044140815735,0.05305055156350136
1,0.8329660892486572,0.5822530388832092,0.8016366958618164,0.8389816284179688
1,0.1040719747543335,0.7710833549499512,0.04110683500766754,0.1782114952802658
1,0.005400510970503092,0.060795120894908905,0.7235921621322632,0.39283281564712524
1,0.44166627526283264,0.1808929145336151,0.8410853147506714,0.9305513501167297
1,0.45956188440322876,0.558056116104126,0.1593671441078186,0.8657483458518982
1,0.5628993511199951,0.06035314500331879,0.9730229377746582,0.7903600335121155
1,0.35936447978019714,0.6969975829124451,0.8869956731796265,0.8333898186683655
1,0.9513080716133118,0.41921254992485046,0.9968649744987488,0.9656201601028442
1,0.9650958180427551,0.2954656183719635,0.903079628944397,0.8392952084541321
1,0.9893503785133362,0.2071785032749176,0.10326937586069107,0.7792442440986633
1,0.0993075743317604,0.6457533836364746,0.07905823737382889,0.06118404120206833
1,0.9246516227722168,0.8364880084991455,0.544826328754425,0.7369253039360046
1,0.9446344375610352,0.9329686760902405,0.9680646061897278,0.959558367729187
1,0.229367196559906,0.22826126217842102,0.12458017468452454,0.5425844788551331
1,0.4930358827114105,0.24590204656124115,0.4799484312534332,0.6867750883102417
1,0.00791520718485117,0.06832026690244675,0.4225432872772217,0.05631090700626373
1,0.9888268709182739,0.3033309280872345,0.9647765755653381,0.5164676904678345
1,0.2770164906978607,0.45169585943222046,0.11057664453983307,0.026492632925510406
1,0.6674701571464539,0.9162521362304688,0.39519497752189636,0.8588421940803528
1,0.9848905205726624,0.6051293611526489,0.9981837868690491,0.9548445343971252
1,0.9923171997070312,0.8329098224639893,0.02329564467072487,0.9094917178153992
1,0.952572762966156,0.12277930229902267,0.8336431980133057,0.5211021304130554
1,0.1006956472992897,0.20363150537014008,0.5144993662834167,0.411104291677475
1,0.12727603316307068,0.9556987881660461,0.9293395280838013,0.08177671581506729
1,0.47348132729530334,0.9460586309432983,0.8963357210159302,0.030624650418758392
1,0.5531392693519592,0.9397974014282227,0.8687975406646729,0.7686064839363098
1,0.49607226252555847,0.7877121567726135,0.9840421676635742,0.9424291253089905
1,0.8469849824905396,0.891749382019043,0.8987245559692383,0.9494419097900391
1,0.91996169090271,0.22395186126232147,0.7788372039794922,0.3567230999469757
1,0.9564231038093567,0.7272052764892578,0.9843251705169678,0.9789090156555176
1,0.9154549837112427,0.9830430150032043,0.47813722491264343,0.7575961947441101
1,0.8816117644309998,0.9733799695968628,0.6517077088356018,0.4760238230228424
1,0.9201449155807495,0.2733830213546753,0.8375074863433838,0.5258976221084595
1,0.5936087965965271,0.3809799551963806,0.030157124623656273,0.6134042739868164
1,0.9490174055099487,0.9065338969230652,0.985529363155365,0.9068973064422607
1,0.029329927638173103,0.7020280957221985,0.14248865842819214,0.721824586391449
1,0.10965637117624283,0.3847157657146454,0.9893012642860413,0.8916236162185669
1,0.5179942846298218,0.8722167015075684,0.15125888586044312,0.9531059861183167
1,0.8870169520378113,0.8058121204376221,0.6856803297996521,0.6624714136123657
1,0.9731658697128296,0.4154605567455292,0.9262175559997559,0.31811651587486267
1,0.962973415851593,0.5898760557174683,0.9689612984657288,0.5675828456878662
1,0.9329571723937988,0.9101155400276184,0.6540524363517761,0.6525542140007019
1,0.020016785711050034,0.7839598059654236,0.43098732829093933,0.4521154463291168
1,0.5555717349052429,0.9544435143470764,0.2570570707321167,0.8218273520469666
1,0.12050105631351471,0.6847125291824341,0.7929113507270813,0.471906453371048
1,0.12060188502073288,0.2342739999294281,0.3585159480571747,0.29520294070243835
1,0.25514429807662964,0.32322579622268677,0.44918861985206604,0.4598318636417389
1,0.9710975885391235,0.9108678102493286,0.0985676497220993,0.32969018816947937
1,0.9260291457176208,0.008313529193401337,0.3524686098098755,0.844474196434021
1,0.9240127205848694,0.9967374205589294,0.9161270260810852,0.2323443591594696
1,0.03858793526887894,0.6342997550964355,0.8867465257644653,0.8939448595046997
1,0.9835206866264343,0.7046555280685425,0.9976317882537842,0.9603338241577148
1,0.1591247171163559,0.7494339346885681,0.8309057354927063,0.689809262752533
1,0.3854628801345825,0.2425738126039505,0.9706158638000488,0.5246974229812622
1,0.6386185884475708,0.9023272395133972,0.8689168095588684,0.34593117237091064
1,0.9956932663917542,0.990292489528656,0.9619825482368469,0.9333306550979614
1,0.8645017743110657,0.8466870784759521,0.8913687467575073,0.8322019577026367
1,0.9994699358940125,0.8249252438545227,0.9794721603393555,0.9672384858131409
1,0.800727128982544,0.6223365664482117,0.9366886615753174,0.7530989646911621
1,0.5702770948410034,0.8608672618865967,0.6936506032943726,0.15328148007392883
1,0.907352864742279,0.09394130110740662,0.993300199508667,0.49992477893829346
1,0.9368806481361389,0.9947407841682434,0.9973036050796509,0.7338340282440186
1,0.3213166892528534,0.3186042010784149,0.7051239013671875,0.34218570590019226
1,0.4186466932296753,0.00710211880505085,0.41978901624679565,0.5978041887283325
1,0.8327236175537109,0.022013848647475243,0.8827183246612549,0.7214943766593933
1,0.4955832064151764,0.9526136517524719,0.943315327167511,0.5625429749488831
1,0.7941271662712097,0.6857028603553772,0.9787207841873169,0.2338794320821762
1,0.16113163530826569,0.7925108075141907,0.10253603011369705,0.20942313969135284
1,0.3476419150829315,0.8783252835273743,0.11063356697559357,0.9568623304367065
1,0.9875667095184326,0.901529848575592,0.9683607220649719,0.7410554885864258
1,0.07096411287784576,0.8464083671569824,0.7883196473121643,0.31271952390670776
1,0.15770532190799713,0.9286918640136719,0.49301877617836,0.008752894587814808
1,0.7626195549964905,0.3286347985267639,0.39635881781578064,0.8979262113571167
1,0.9990856647491455,0.7908222079277039,0.9412006735801697,0.9958376884460449
1,0.5715475678443909,0.4204196035861969,0.928007960319519,0.6541347503662109
1,0.9521605968475342,0.5082573890686035,0.38961556553840637,0.6597481369972229
1,0.9720742702484131,0.6481590867042542,0.7330109477043152,0.9891936182975769
1,0.22695064544677734,0.3996041715145111,0.6877654194831848,0.642703652381897
1,0.3196765184402466,0.7446341514587402,0.6230631470680237,0.4161721467971802
1,0.9653124809265137,0.8811652660369873,0.42984098196029663,0.8515957593917847
1,0.962265133857727,0.4435456097126007,0.5551402568817139,0.983285129070282
1,0.9934764504432678,0.9903104901313782,0.14418332278728485,0.8526871800422668
1,0.03227127715945244,0.9188013076782227,0.054197922348976135,0.8090670704841614
1,0.5094985961914062,0.973189115524292,0.9940201044082642,0.4302518367767334
1,0.7513386011123657,0.8411519527435303,0.869568943977356,0.6238023042678833
1,0.12213172763586044,0.35165247321128845,0.6525100469589233,0.29361245036125183
1,0.4884800314903259,0.8399729132652283,0.11787682771682739,0.9025511145591736
1,0.3591447174549103,0.9840817451477051,0.9614245295524597,0.9734496474266052
1,0.8499083518981934,0.5218905806541443,0.8341184854507446,0.6816233992576599
1,0.9015907645225525,0.6790053248405457,0.2095341682434082,0.6581893563270569
1,0.07944609969854355,0.0993485227227211,0.007300465367734432,0.15602318942546844
1,0.3738471567630768,0.7699670195579529,0.687028169631958,0.6046453714370728
1,0.9331281185150146,0.945608377456665,0.12503498792648315,0.7898762226104736
1,0.9558157324790955,0.8129411339759827,0.7554078698158264,0.5739865303039551
1,0.946575939655304,0.5015835165977478,0.659394383430481,0.2032194882631302
1,0.09375967085361481,0.5340959429740906,0.42621341347694397,0.09998752921819687
1,0.9690180420875549,0.5648396015167236,0.9274753332138062,0.8578655123710632
1,0.7820214629173279,0.9185615181922913,0.1759609431028366,0.6774885654449463
1,0.5872526168823242,0.791154146194458,0.9517723917961121,0.1074177548289299
1,0.9549084305763245,0.18990586698055267,0.1830665022134781,0.46014222502708435
1,0.9777911305427551,0.43401646614074707,0.16066868603229523,0.10835354030132294
1,0.9365320801734924,0.7291350364685059,0.8919455409049988,0.8241479396820068
1,0.47203969955444336,0.365033358335495,0.8299745321273804,0.7252619862556458
1,0.12823720276355743,0.9025143384933472,0.47064104676246643,0.09391031414270401
1,0.26332786679267883,0.3497314453125,0.03568534553050995,0.4608001112937927
1,0.8577650189399719,0.8115368485450745,0.6104574203491211,0.4883608818054199
1,0.530935525894165,0.5992385149002075,0.6665185689926147,0.9116276502609253
1,0.7389811277389526,0.5380445718765259,0.7947070598602295,0.11128260940313339
1,0.9861196279525757,0.7718386650085449,0.9204018712043762,0.9315454959869385
1,0.2005367875099182,0.8828619122505188,0.12955144047737122,0.6238369345664978
1,0.8224705457687378,0.9044097065925598,0.8084551095962524,0.5697556138038635
1,0.9914584755897522,0.06173500046133995,0.42067012190818787,0.9054871797561646
1,0.29510584473609924,0.7161650061607361,0.9947636127471924,0.8707790374755859
1,0.9704635143280029,0.90968918800354,0.9873818755149841,0.970255970954895
1,0.9455118775367737,0.6222127079963684,0.9946591258049011,0.9691981673240662
1,0.7977290749549866,0.17676059901714325,0.526932418346405,0.29022637009620667
1,0.4767754077911377,0.2462019920349121,0.5980644822120667,0.09883060306310654
1,0.9844351410865784,0.39623743295669556,0.9813848733901978,0.875872015953064
1,0.936878502368927,0.9832897186279297,0.999137282371521,0.9764022827148438
1,0.6325750350952148,0.8770886063575745,0.23049263656139374,0.7018589973449707
1,0.5361074805259705,0.8475193381309509,0.8948115110397339,0.21882615983486176
1,0.033589839935302734,0.18382760882377625,0.8508602976799011,0.3838520646095276
1,0.39284026622772217,0.5255125761032104,0.24083487689495087,0.38600215315818787
1,0.8391698598861694,0.9228547215461731,0.9084945321083069,0.6420397162437439
1,0.9528136849403381,0.37642672657966614,0.9862472414970398,0.3207387924194336
1,0.7198062539100647,0.7171910405158997,0.5472068190574646,0.49347904324531555
1,0.37068578600883484,0.3298673927783966,0.9151016473770142,0.43838274478912354
1,0.31325802206993103,0.8967610001564026,0.7255544066429138,0.2025812566280365
1,0.2193373590707779,0.18607941269874573,0.1409894973039627,0.5616940259933472
1,0.20598839223384857,0.6486558318138123,0.1478627622127533,0.2825959026813507
1,0.21835286915302277,0.9745050668716431,0.874720573425293,0.805859386920929
1,0.950554370880127,0.3590448200702667,0.708602786064148,0.8353255987167358
1,0.1861567199230194,0.8414093255996704,0.965726912021637,0.9766501188278198
1,0.9522754549980164,0.7258050441741943,0.8793374300003052,0.7456141710281372
1,0.2841320037841797,0.6981863379478455,0.922879159450531,0.13796013593673706
1,0.9979240894317627,0.8922744989395142,0.9696985483169556,0.967331051826477
1,0.9287289977073669,0.8062282800674438,0.30123499035835266,0.7353408932685852
1,0.04713385924696922,0.4543668031692505,0.9286273121833801,0.9076794981956482
1,0.9441661238670349,0.939794659614563,0.9807668924331665,0.6887818574905396
1,0.9833121299743652,0.4138723313808441,0.9486883878707886,0.8146657347679138
1,0.11998539417982101,0.4000966250896454,0.1708037555217743,0.18942688405513763
1,0.5040311813354492,0.9825114607810974,0.009659376926720142,0.8382574319839478
1,0.9938156604766846,0.6284769773483276,0.9200649857521057,0.6145071983337402
1,0.41522854566574097,0.8286747932434082,0.8354567885398865,0.755344569683075
1,0.7690069079399109,0.7971221804618835,0.6354096531867981,0.09726063907146454
1,0.996349573135376,0.9962928891181946,0.9992062449455261,0.9232480525970459
1,0.9855624437332153,0.7499917149543762,0.9962886571884155,0.8380113244056702
1,0.7928948402404785,0.5930976271629333,0.8266857266426086,0.9089568257331848
1,0.04065489396452904,0.9098049402236938,0.9316293597221375,0.5585244297981262
1,0.046326588839292526,0.200088232755661,0.010146720334887505,0.7469562292098999
1,0.10940046608448029,0.8856240510940552,0.9961732029914856,0.9737135171890259
1,0.9364455342292786,0.72874516248703,0.9572300314903259,0.8832874894142151
1,0.035963792353868484,0.6738390326499939,0.6539777517318726,0.457767516374588
1,0.09523520618677139,0.7443293333053589,0.7306470274925232,0.46437904238700867
1,0.9403076767921448,0.7632009983062744,0.33125656843185425,0.6446948647499084
1,0.14225195348262787,0.18167008459568024,0.5093593001365662,0.9022946357727051
1,0.9432693123817444,0.5584496259689331,0.9867445826530457,0.9355069994926453
1,0.1543291211128235,0.5143726468086243,0.05441397428512573,0.8615092635154724
1,0.6781023740768433,0.30777838826179504,0.010436730459332466,0.21744413673877716
1,0.4495963454246521,0.8569263219833374,0.879277229309082,0.8322202563285828
1,0.9055708646774292,0.8091882467269897,0.9943959712982178,0.8483784198760986
1,0.46028652787208557,0.9175571203231812,0.9719105958938599,0.8054536581039429
1,0.9595643877983093,0.7935146689414978,0.39801400899887085,0.8343409895896912
1,0.4574117064476013,0.762289822101593,0.6464998722076416,0.9004395008087158
1,0.3777144253253937,0.6761489510536194,0.8981717228889465,0.2465364784002304
1,0.9241156578063965,0.6416422128677368,0.8800721168518066,0.7393201589584351
1,0.09283029288053513,0.8049543499946594,0.48103323578834534,0.5875223278999329
1,0.5211759805679321,0.8505868315696716,0.9891549944877625,0.39332813024520874
1,0.07700517028570175,0.9535605907440186,0.8941869139671326,0.19333694875240326
1,0.9790920615196228,0.5868322253227234,0.32052284479141235,0.7727993130683899
1,0.01824912056326866,0.8733475208282471,0.9801923632621765,0.367867112159729
1,0.9522470235824585,0.643075168132782,0.9931930899620056,0.8148149847984314
1,0.9581848978996277,0.43924593925476074,0.9343472719192505,0.6568651795387268
1,0.9889284372329712,0.7388257384300232,0.9903606176376343,0.6214389204978943
1,0.9635664224624634,0.7299627065658569,0.992682158946991,0.7505030035972595
1,0.10902441293001175,0.6572242379188538,0.748618483543396,0.13659946620464325
1,0.9463843703269958,0.7484546899795532,0.5580145120620728,0.12075193226337433
1,0.7941974997520447,0.9070329666137695,0.28974297642707825,0.42809364199638367
1,0.9636215567588806,0.957984209060669,0.20731011033058167,0.7446796894073486
1,0.20899473130702972,0.5608817338943481,0.23370252549648285,0.8116617202758789
1,0.8913388252258301,0.8645527362823486,0.9426389336585999,0.7547445893287659
1,0.9907428622245789,0.8761828541755676,0.22062274813652039,0.8978290557861328
1,0.9246830344200134,0.7961269617080688,0.9370563626289368,0.918152928352356
1,0.8586534261703491,0.8109583854675293,0.9146764278411865,0.6743997931480408
1,0.22477157413959503,0.023836037144064903,0.4922468662261963,0.7994077205657959
1,0.9782910346984863,0.8795335292816162,0.6644189357757568,0.9657385945320129
1,0.2928856909275055,0.09702888131141663,0.8082959055900574,0.9020734429359436
1,0.6438670754432678,0.5329954624176025,0.32593053579330444,0.9530949592590332
1,0.9859349727630615,0.9380024075508118,0.998488187789917,0.8970630764961243
1,0.05761656165122986,0.7447548508644104,0.7916057109832764,0.6976964473724365
1,0.07345659285783768,0.48404085636138916,0.7035719156265259,0.4804375171661377
1,0.9960275888442993,0.5723880529403687,0.8735660910606384,0.8744406700134277
1,0.0013911519199609756,0.15960708260536194,0.0024616753216832876,0.017108267173171043
1,0.994745135307312,0.8419855833053589,0.9569721221923828,0.9542726278305054
1,0.062333520501852036,0.6280680894851685,0.2169208526611328,0.7225359678268433
1,0.7889015078544617,0.9296745657920837,0.5207861065864563,0.1890576183795929
1,0.9165647029876709,0.8755277991294861,0.9801172614097595,0.6918426752090454
1,0.013201908208429813,0.4830276668071747,0.02303812839090824,0.1607024222612381
1,0.9785537719726562,0.2097109705209732,0.04151950404047966,0.2998911738395691
1,0.1099424734711647,0.6505679488182068,0.7539751529693604,0.3129005432128906
1,0.7713106274604797,0.8269966244697571,0.25307565927505493,0.9876958131790161
1,0.9532718062400818,0.8674088716506958,0.7569431066513062,0.7507953643798828
1,0.9082635641098022,0.4442213177680969,0.6557256579399109,0.49305588006973267
1,0.1605338752269745,0.8631076812744141,0.3316943943500519,0.28621384501457214
1,0.38926962018013,0.532023012638092,0.7802401781082153,0.7625503540039062
1,0.5739474892616272,0.8966934680938721,0.7624557018280029,0.9757795333862305
1,0.08107749372720718,0.990140974521637,0.7949234843254089,0.4037873446941376
1,0.3643311858177185,0.8003073334693909,0.9810428619384766,0.5634504556655884
1,0.9684126377105713,0.10857879370450974,0.8491073250770569,0.9342440366744995
1,0.9982484579086304,0.9669216275215149,0.08874280750751495,0.7593650221824646
1,0.9735018610954285,0.8214569091796875,0.9742170572280884,0.8680888414382935
1,0.7395957112312317,0.49590206146240234,0.9280323386192322,0.8006287217140198
1,0.061326831579208374,0.5950449705123901,0.15056993067264557,0.046268392354249954
1,0.047058574855327606,0.3929845094680786,0.24645009636878967,0.8609404563903809
1,0.7096942663192749,0.7782776355743408,0.897646963596344,0.32474416494369507
1,0.706342875957489,0.942693829536438,0.8731352686882019,0.623823344707489
1,0.5012745261192322,0.19791166484355927,0.028584860265254974,0.6917549967765808
1,0.4925534129142761,0.9438284039497375,0.8667926788330078,0.45995253324508667
1,0.9450693726539612,0.7752812504768372,0.10003572702407837,0.4634261429309845
1,0.5081251859664917,0.10639824718236923,0.8868478536605835,0.0259116068482399
1,0.34755122661590576,0.9005839228630066,0.7213144302368164,0.7794589996337891
1,0.03936762735247612,0.9244139194488525,0.6666352152824402,0.5874090194702148
1,0.906571626663208,0.5294858813285828,0.6966643929481506,0.7325737476348877
1,0.9641424417495728,0.9795661568641663,0.6292542815208435,0.0398341529071331
1,0.9192458391189575,0.9463194608688354,0.9894620776176453,0.8275530934333801
1,0.9426867961883545,0.227007195353508,0.9033637046813965,0.39865896105766296
1,0.1037496030330658,0.9494357705116272,0.8818846940994263,0.8947782516479492
1,0.6495702862739563,0.8171461224555969,0.142800971865654,0.5094039440155029
1,0.04669073224067688,0.22576114535331726,0.10111995041370392,0.321947306394577
1,0.06026289239525795,0.135903000831604,0.6091158986091614,0.5830920338630676
1,0.8689380288124084,0.7320611476898193,0.9892665147781372,0.7211410403251648
1,0.7128410339355469,0.592963695526123,0.5409654378890991,0.7211147546768188
1,0.011267056688666344,0.7439218163490295,0.3029939532279968,0.19143427908420563
1,0.9640186429023743,0.9406613111495972,0.796436607837677,0.360217422246933
1,0.1030569076538086,0.2602821886539459,0.09925954043865204,0.27154380083084106
1,0.7287524342536926,0.9231331944465637,0.9015664458274841,0.8770765066146851
1,0.5798984169960022,0.06712199002504349,0.5874902009963989,0.945549488067627
1,0.25455376505851746,0.8445351719856262,0.6838582754135132,0.5282050967216492
1,0.9895634055137634,0.8126147389411926,0.8445932865142822,0.5333673357963562
1,0.5017844438552856,0.9482679963111877,0.8615253567695618,0.6896377801895142
1,0.9780011177062988,0.33654505014419556,0.025887377560138702,0.9085007309913635
1,0.9257569909095764,0.8602616190910339,0.9843046069145203,0.6496939659118652
1,0.518805205821991,0.18389484286308289,0.050717346370220184,0.2870025038719177
1,0.06142784282565117,0.7884349226951599,0.972926914691925,0.45567408204078674
1,0.7812433242797852,0.9647908806800842,0.18034185469150543,0.7074287533760071
1,0.5984125137329102,0.0863778367638588,0.8852667212486267,0.6975184679031372
1,0.7655686140060425,0.47347843647003174,0.88104647397995,0.6857935786247253
1,0.9139715433120728,0.7668167352676392,0.8807607889175415,0.5571838617324829
1,0.5624606013298035,0.19555582106113434,0.02136099524796009,0.7120605111122131
1,0.7096137404441833,0.31428366899490356,0.23523874580860138,0.2724533677101135
1,0.9987828135490417,0.9442358016967773,0.9239803552627563,0.8854387998580933
1,0.8040024638175964,0.9914692044258118,0.9720141887664795,0.28201615810394287
1,0.9647814631462097,0.29352739453315735,0.9231947064399719,0.8962111473083496
1,0.36482664942741394,0.2666664719581604,0.43044164776802063,0.5331664085388184
1,0.992037296295166,0.5304628014564514,0.9526468515396118,0.8334193825721741
1,0.6523835062980652,0.5639567971229553,0.2593415677547455,0.6891381740570068
1,0.9402191638946533,0.6664875149726868,0.70112544298172,0.9548845291137695
1,0.3148151636123657,0.8287228941917419,0.19868628680706024,0.11480940878391266
1,0.1931571662425995,0.11205273121595383,0.31853702664375305,0.7637676000595093
1,0.4136728048324585,0.36643216013908386,0.8379095196723938,0.4469212293624878
1,0.9222276210784912,0.6180363893508911,0.980786919593811,0.9750418663024902
1,0.6850835680961609,0.0891432911157608,0.8607503771781921,0.48055529594421387
1,0.9285619258880615,0.4186450242996216,0.9880356192588806,0.2432069331407547
1,0.8521455526351929,0.8961201906204224,0.6559338569641113,0.7911667823791504
1,0.9855138063430786,0.9957255125045776,0.725214421749115,0.6684426665306091
1,0.951443076133728,0.3145841658115387,0.9963724613189697,0.48075106739997864
1,0.8807343244552612,0.8545318245887756,0.9392199516296387,0.39154869318008423
1,0.6768319606781006,0.9729430675506592,0.6720468997955322,0.8911539912223816
1,0.27942535281181335,0.9423840641975403,0.8873835802078247,0.38473352789878845
1,0.5820575952529907,0.968630313873291,0.20022384822368622,0.9200974702835083
1,0.9302372336387634,0.8681288957595825,0.8708357810974121,0.9349671006202698
1,0.4202083647251129,0.8507652878761292,0.7094536423683167,0.6673933863639832
1,0.32029151916503906,0.5376830101013184,0.13631917536258698,0.764504075050354
1,0.8985147476196289,0.5032398700714111,0.853947639465332,0.6749895811080933
1,0.8510982394218445,0.15747854113578796,0.1900101751089096,0.5652941465377808
1,0.9000838994979858,0.9675284624099731,0.9953124523162842,0.6580748558044434
1,0.8262084722518921,0.38637953996658325,0.2932870090007782,0.9570082426071167
1,0.8566982746124268,0.7415043115615845,0.9996181726455688,0.8015556931495667
1,0.7832599878311157,0.9905894994735718,0.7140653133392334,0.9118672609329224
1,0.7620769739151001,0.8078081607818604,0.9606083035469055,0.8465301990509033
1,0.08113360404968262,0.6936944723129272,0.25676992535591125,0.271190345287323
1,0.14476870000362396,0.02734139934182167,0.6283762454986572,0.841297447681427
1,0.1921846717596054,0.980338990688324,0.88099205493927,0.7971600294113159
1,0.9550097584724426,0.9162554144859314,0.8999534249305725,0.6191744804382324
1,0.934424877166748,0.9759253263473511,0.9172045588493347,0.921324610710144
1,0.842728316783905,0.8587889075279236,0.9847292304039001,0.8351479768753052
1,0.8394524455070496,0.9583818316459656,0.9736803770065308,0.981310248374939
1,0.8725236058235168,0.9937615990638733,0.8957093358039856,0.8901477456092834
1,0.5693432092666626,0.6849921345710754,0.95013427734375,0.3312542736530304
1,0.7643235325813293,0.010584551841020584,0.747735857963562,0.18394912779331207
1,0.9335906505584717,0.2119932770729065,0.9058457612991333,0.9377586841583252
1,0.9796679615974426,0.9833215475082397,0.5735597014427185,0.9511806964874268
1,0.0062787774950265884,0.010351729579269886,0.982523500919342,0.8319949507713318
1,0.891105055809021,0.13657458126544952,0.33686310052871704,0.7028824687004089
1,0.9868342280387878,0.9009411334991455,0.9917594790458679,0.9043967127799988
1,0.9764259457588196,0.4566616714000702,0.9951462149620056,0.7445998787879944
1,0.998623251914978,0.20230218768119812,0.7881186604499817,0.9379393458366394
1,0.8244850039482117,0.8091468214988708,0.5085292458534241,0.9791222214698792
1,0.5039779543876648,0.2840724289417267,0.4407951235771179,0.05502961948513985
1,0.0728820338845253,0.12453955411911011,0.8200407028198242,0.5615289211273193
1,0.9020854234695435,0.9338501691818237,0.8183262348175049,0.11425361037254333
1,0.4380866587162018,0.9296315908432007,0.401093453168869,0.14034056663513184
1,0.0008577448897995055,0.704204261302948,0.5537459254264832,0.09821435809135437
1,0.6613025069236755,0.8291730880737305,0.839164674282074,0.34931743144989014
1,0.6592063903808594,0.7574485540390015,0.9886853694915771,0.7661486864089966
1,0.8066498041152954,0.9476945400238037,0.9640547633171082,0.90908282995224
1,0.937962532043457,0.7440761923789978,0.7543110251426697,0.939474880695343
1,0.9482489228248596,0.773456335067749,0.9574779272079468,0.8157558441162109
1,0.30667951703071594,0.9300055503845215,0.9166653156280518,0.789736807346344
1,0.10566158592700958,0.9493927359580994,0.943391740322113,0.7682883143424988
1,0.9723157286643982,0.5257670879364014,0.8394339680671692,0.6994410753250122
1,0.32894113659858704,0.994470477104187,0.9970462918281555,0.8191398978233337
1,0.9707717895507812,0.43790966272354126,0.9585166573524475,0.9767994284629822
1,0.8934735655784607,0.7950901985168457,0.9814633131027222,0.8935480117797852
1,0.8537005186080933,0.3637365698814392,0.4183650612831116,0.2197456657886505
1,0.9063104391098022,0.44499436020851135,0.569451630115509,0.8549957871437073
1,0.8944684863090515,0.4568234086036682,0.7890337705612183,0.7622636556625366
1,0.7929395437240601,0.9732164740562439,0.9884372353553772,0.4322105646133423
1,0.810539722442627,0.9187175631523132,0.9786378741264343,0.9153460264205933
1,0.7440378069877625,0.2206307053565979,0.5607041120529175,0.23961010575294495
1,0.16430114209651947,0.05139296129345894,0.7824215888977051,0.8092775940895081
1,0.19092556834220886,0.3728296160697937,0.35363733768463135,0.4320647418498993
1,0.8819305896759033,0.2335313856601715,0.8596789836883545,0.7497459650039673
1,0.3793237507343292,0.7721020579338074,0.2760627865791321,0.10915472358465195
1,0.47593751549720764,0.058306120336055756,0.8770534992218018,0.22888372838497162
1,0.94878751039505,0.5693678259849548,0.9609569311141968,0.9495096206665039
1,0.6708287596702576,0.22214031219482422,0.8703740239143372,0.09775816649198532
1,0.9192662835121155,0.8180391788482666,0.3463313579559326,0.7479825615882874
1,0.9005780220031738,0.8551596403121948,0.9758433699607849,0.7339037656784058
1,0.8987113833427429,0.2971806824207306,0.7483698725700378,0.8503034114837646
1,0.8781684041023254,0.9823832511901855,0.8281704187393188,0.7516981363296509
1,0.8363703489303589,0.8473424315452576,0.8253434896469116,0.7752938270568848
1,0.8085723519325256,0.8304582238197327,0.8673557043075562,0.7964162230491638
1,0.6558663249015808,0.7315943241119385,0.8094534873962402,0.7202065587043762
1,0.8004143238067627,0.1736573576927185,0.4763982594013214,0.1599721759557724
1,0.6863037943840027,0.9503610730171204,0.40199002623558044,0.2588511109352112
1,0.9943369030952454,0.8717489242553711,0.9774360060691833,0.9869706630706787
1,0.9764417409896851,0.48629069328308105,0.9513721466064453,0.968363881111145
1,0.026002733036875725,0.7178956866264343,0.27973809838294983,0.976984977722168
1,0.9382731914520264,0.94267338514328,0.07678738236427307,0.5498924851417542
1,0.8852671980857849,0.8845766186714172,0.4711138606071472,0.5838513374328613
1,0.9980995059013367,0.024553874507546425,0.06348125636577606,0.5186784863471985
1,0.09672845155000687,0.8233523964881897,0.8902755379676819,0.4553147554397583
1,0.7886089086532593,0.6294117569923401,0.668019711971283,0.9266949892044067
1,0.9804855585098267,0.8510397672653198,0.9905055165290833,0.943452000617981
1,0.038900285959243774,0.06973695009946823,0.11829172819852829,0.6010789275169373
1,0.8893707394599915,0.8894854187965393,0.5502927303314209,0.7222724556922913
1,0.9270808100700378,0.7494096755981445,0.8407111763954163,0.7181587815284729
1,0.039657048881053925,0.9577101469039917,0.5569661259651184,0.4244771897792816
1,0.8287994265556335,0.8102878332138062,0.9726772904396057,0.7982354164123535
1,0.7031778693199158,0.7273309230804443,0.014587519690394402,0.9793060421943665
1,0.19186998903751373,0.8139703273773193,0.1486474871635437,0.09285012632608414
1,0.9836850166320801,0.7634928822517395,0.756499171257019,0.8823366761207581
1,0.9990170001983643,0.8625977635383606,0.8840259313583374,0.571604311466217
1,0.469278484582901,0.4097787141799927,0.08909852057695389,0.7850096225738525
1,0.9871269464492798,0.7845256328582764,0.947828471660614,0.8570976257324219
1,0.6220765709877014,0.7561455965042114,0.5072325468063354,0.3050714135169983
1,0.9574402570724487,0.7337702512741089,0.895144522190094,0.9292086958885193
1,0.011463046073913574,0.5511747002601624,0.46526458859443665,0.26628121733665466
1,0.12995152175426483,0.36275219917297363,0.8648960590362549,0.21206597983837128
1,0.9131283760070801,0.433531254529953,0.5383970141410828,0.7018228769302368
1,0.8282901644706726,0.7366891503334045,0.8409090042114258,0.24117569625377655
1,0.47861650586128235,0.05645541474223137,0.003930809907615185,0.17351476848125458
1,0.20085778832435608,0.8141354918479919,0.9372296929359436,0.2972201406955719
1,0.862359344959259,0.6634358167648315,0.26705804467201233,0.6082001328468323
0,0.8681526780128479,0.7769086956977844,0.9914603233337402,0.9928760528564453
0,0.5348131656646729,0.21284687519073486,0.2300526648759842,0.44479572772979736
0,0.021553417667746544,0.2988876700401306,0.011446836404502392,0.032924484461545944
0,0.09912247210741043,0.6452164649963379,0.1793544590473175,0.40053924918174744
0,0.2055380940437317,0.040343962609767914,0.6239493489265442,0.3994734287261963
0,0.12767228484153748,0.5516597032546997,0.9631549715995789,0.047643110156059265
0,0.06891346722841263,0.0066466862335801125,0.40275391936302185,0.6865296363830566
0,0.18085877597332,0.0594097264111042,0.13491053879261017,0.05568467080593109
0,0.3722437620162964,0.6984565258026123,0.15494313836097717,0.6295082569122314
0,0.7536910176277161,0.2620263695716858,0.020770154893398285,0.6349400281906128
0,0.09177005290985107,0.03926694393157959,0.25470852851867676,0.1542147547006607
0,0.021721111610531807,0.31768879294395447,0.03381852060556412,0.026290280744433403
0,0.9790498614311218,0.4017832279205322,0.2681111991405487,0.3809371590614319
0,0.045207422226667404,0.29011738300323486,0.2991043031215668,0.49059319496154785
0,0.0017317531164735556,0.7271137237548828,0.8153451085090637,0.042947445064783096
0,0.1913203001022339,0.7790330648422241,0.5137059688568115,0.5859527587890625
0,0.030892180278897285,0.27122312784194946,0.5035392045974731,0.04062211140990257
0,0.9012274742126465,0.4073575437068939,0.3081667721271515,0.2740105986595154
0,0.02212199755012989,0.8551272749900818,0.48790180683135986,0.02141106314957142
0,0.6033009886741638,0.04300398752093315,0.11065594851970673,0.5393732786178589
0,0.07367564737796783,0.6499994397163391,0.6727494597434998,0.6247352361679077
0,0.4428708553314209,0.5481311678886414,0.6351195573806763,0.6490029096603394
0,0.021897658705711365,0.7274999022483826,0.03365461528301239,0.22100834548473358
0,0.3787658214569092,0.4927297532558441,0.7368359565734863,0.4891893267631531
0,0.02426310069859028,0.7764778137207031,0.04358405992388725,0.24541819095611572
0,0.025040924549102783,0.49245232343673706,0.06288252025842667,0.04532918334007263
0,0.9943127632141113,0.8906345367431641,0.6948758363723755,0.7873333096504211
0,0.1442089080810547,0.07569947093725204,0.0337667316198349,0.32466840744018555
0,0.39912766218185425,0.09964122623205185,0.49599015712738037,0.21838262677192688
0,0.8080806732177734,0.7829262614250183,0.2146041840314865,0.5681838393211365
0,0.015538190491497517,0.20652703940868378,0.5464891195297241,0.08960829675197601
0,0.001123020309023559,0.04888710379600525,0.020549030974507332,0.40237608551979065
0,0.607136070728302,0.017945146188139915,0.7750250101089478,0.5326111316680908
0,0.750780463218689,0.9677969217300415,0.723157525062561,0.15727683901786804
0,0.0696735605597496,0.10354980826377869,0.07312653213739395,0.5963588953018188
0,0.9754526615142822,0.7633172273635864,0.9304291605949402,0.508843183517456
0,0.05257272720336914,0.43766331672668457,0.2406138777732849,0.5037820339202881
0,0.1672394871711731,0.7525045275688171,0.02689065970480442,0.08130362629890442
0,0.03629004955291748,0.005721854977309704,0.8907423615455627,0.4072624444961548
0,0.31549057364463806,0.020880965515971184,0.6781028509140015,0.07273658365011215
0,0.015498779714107513,0.4726841151714325,0.9578284621238708,0.8582757115364075
0,0.5550851821899414,0.016403701156377792,0.8938882946968079,0.0396035835146904
0,0.9636530876159668,0.1880386769771576,0.5754069685935974,0.9886664152145386
0,0.06678380817174911,0.20494502782821655,0.028235094621777534,0.03353292867541313
0,0.06143711507320404,0.3819373548030853,0.21264633536338806,0.28506898880004883
0,0.008458650670945644,0.04588322341442108,0.06339339166879654,0.22387325763702393
0,0.18552564084529877,0.7956573367118835,0.6184682846069336,0.21317364275455475
0,0.37064146995544434,0.3037506937980652,0.899613618850708,0.8488335013389587
0,0.3756479322910309,0.517336905002594,0.29630348086357117,0.7088925838470459
0,0.48158103227615356,0.03194599598646164,0.1617407500743866,0.6618096232414246
0,0.21926315128803253,0.3887993097305298,0.10485217720270157,0.09250031411647797
0,0.03799382597208023,0.018003305420279503,0.031677424907684326,0.04465365782380104
0,0.9730860590934753,0.3338298201560974,0.6719796061515808,0.7038836479187012
0,0.8172561526298523,0.981273889541626,0.9554741382598877,0.9512530565261841
0,0.2543594241142273,0.07417094707489014,0.09087555855512619,0.40632545948028564
0,0.8129406571388245,0.33755576610565186,0.33478862047195435,0.42742279171943665
0,0.6368792653083801,0.011552708223462105,0.8759769201278687,0.7600690722465515
0,0.010910583660006523,0.5977622866630554,0.02439805120229721,0.02262742444872856
0,0.9872809052467346,0.1774889975786209,0.09395023435354233,0.7036210298538208
0,0.030728405341506004,0.8510940074920654,0.39115431904792786,0.3561111092567444
0,0.03206513822078705,0.07986757904291153,0.5018149018287659,0.8023653626441956
0,0.6724703907966614,0.26008400321006775,0.4119132161140442,0.7378639578819275
0,0.18700562417507172,0.5295894145965576,0.5351610779762268,0.06334041059017181
0,0.2717488408088684,0.2884902358055115,0.3901720345020294,0.530647337436676
0,0.8631942272186279,0.9346321821212769,0.9353941082954407,0.2541353702545166
0,0.05946006625890732,0.5248720645904541,0.2108781933784485,0.4113651216030121
0,0.0019214089261367917,0.2814236283302307,0.3967226445674896,0.01512652263045311
0,0.007999841123819351,0.1501910388469696,0.03125723451375961,0.8912718892097473
0,0.47992417216300964,0.06511972099542618,0.6462743282318115,0.4011553227901459
0,0.3354528248310089,0.2112700194120407,0.11028451472520828,0.4721162021160126
0,0.988326370716095,0.3288205564022064,0.566637396812439,0.9348464608192444
0,0.5283403396606445,0.23003341257572174,0.30960091948509216,0.5451745390892029
0,0.4426618218421936,0.6011377573013306,0.9373158812522888,0.4703882038593292
0,0.17305029928684235,0.13290782272815704,0.3444354236125946,0.12375615537166595
0,0.6568619012832642,0.823434591293335,0.8682414889335632,0.11054811626672745
0,0.08739854395389557,0.8552703857421875,0.20031964778900146,0.29873886704444885
0,0.3141022324562073,0.6977574825286865,0.08386233448982239,0.3487284779548645
0,0.7664909958839417,0.5909048914909363,0.32569724321365356,0.06545060873031616
0,0.04331659898161888,0.3422161638736725,0.06629836559295654,0.6099017858505249
0,0.8761529326438904,0.7128434181213379,0.8089456558227539,0.12878012657165527
0,0.023573992773890495,0.06608535349369049,0.1640181690454483,0.8223565816879272
0,0.2659522593021393,0.09658883512020111,0.4281467795372009,0.213737353682518
0,0.42864343523979187,0.4601362645626068,0.09826125204563141,0.6452921628952026
0,0.014417079277336597,0.2521172761917114,0.5288571715354919,0.07624652236700058
0,0.8346650004386902,0.9156795144081116,0.01009336393326521,0.16482938826084137
0,0.36704346537590027,0.2128465324640274,0.8059897422790527,0.9474178552627563
0,0.017165811732411385,0.7136807441711426,0.5236344933509827,0.0708707869052887
0,0.7151457071304321,0.42961618304252625,0.6009677648544312,0.6599751710891724
0,0.4205917418003082,0.4490830898284912,0.8123496174812317,0.6099021434783936
0,0.014731292612850666,0.01579386740922928,0.15399709343910217,0.4128113090991974
0,0.9235219955444336,0.8997110724449158,0.8046900629997253,0.6121257543563843
0,0.46439796686172485,0.12821772694587708,0.052334144711494446,0.455068439245224
0,0.26460567116737366,0.4553009569644928,0.21468880772590637,0.3729085326194763
0,0.22143162786960602,0.08145203441381454,0.6236397624015808,0.9872164130210876
0,0.7728538513183594,0.7149689197540283,0.3230917453765869,0.8188552856445312
0,0.5871310830116272,0.11694687604904175,0.007515825796872377,0.26416006684303284
0,0.5800496339797974,0.20273685455322266,0.43069368600845337,0.3514888286590576
0,0.06591220945119858,0.2723139822483063,0.14810271561145782,0.31269702315330505
0,0.13903391361236572,0.05054164677858353,0.06174461916089058,0.16486769914627075
0,0.9431913495063782,0.9731142520904541,0.8483911156654358,0.7000576853752136
0,0.08787406235933304,0.5964050889015198,0.0067368606105446815,0.27094241976737976
0,0.7754416465759277,0.3265647292137146,0.4858396351337433,0.8734108209609985
0,0.8649934530258179,0.026909423992037773,0.22835096716880798,0.23574407398700714
0,0.710395872592926,0.6363314986228943,0.8197135925292969,0.7459536194801331
0,0.893126368522644,0.02893184684216976,0.022211655974388123,0.10411722958087921
0,0.06365027278661728,0.4721924364566803,0.06550872325897217,0.08116871863603592
0,0.9937100410461426,0.2501339018344879,0.49585968255996704,0.021176699548959732
0,0.014431864954531193,0.9515397548675537,0.9414666295051575,0.8037967681884766
0,0.9570414423942566,0.36347949504852295,0.01039560604840517,0.04696892201900482
0,0.0021415448281913996,0.3760794997215271,0.7024897336959839,0.7018256187438965
0,0.368523508310318,0.09335336089134216,0.002684707287698984,0.42339959740638733
0,0.016797462478280067,0.022390974685549736,0.27469316124916077,0.17613214254379272
0,0.0042500621639192104,0.03521151468157768,0.01458167377859354,0.16104234755039215
0,0.6259404420852661,0.45224326848983765,0.005634303204715252,0.22920697927474976
0,0.05138127878308296,0.01545383594930172,0.5695313811302185,0.4717889726161957
0,0.8906461596488953,0.31122905015945435,0.24034596979618073,0.04392404481768608
0,0.42466306686401367,0.4401364326477051,0.9615622162818909,0.16450780630111694
0,0.8634670376777649,0.022823849692940712,0.0350436270236969,0.3407911956310272
0,0.48340511322021484,0.8591673970222473,0.8408733606338501,0.35586604475975037
0,0.34809380769729614,0.01236108411103487,0.21566173434257507,0.12845294177532196
0,0.042503491044044495,0.06586538255214691,0.0006138959433883429,0.6187746524810791
0,0.15614375472068787,0.2175014466047287,0.9732913374900818,0.7438365817070007
0,0.5716745853424072,0.5360970497131348,0.9953304529190063,0.8813797831535339
0,0.008092386648058891,0.061862051486968994,0.0007481242064386606,0.094438835978508
0,0.01259344257414341,0.03172995522618294,0.007183098699897528,0.01974979043006897
0,0.3339252471923828,0.14860516786575317,0.9074235558509827,0.19511468708515167
0,0.12509097158908844,0.8762426376342773,0.18968629837036133,0.07244320958852768
0,0.3194160461425781,0.3453981578350067,0.8307455778121948,0.6849116086959839
0,0.30598410964012146,0.041048936545848846,0.07502704113721848,0.48537153005599976
0,0.2125447690486908,0.3347965478897095,0.8265160918235779,0.5203080177307129
0,0.5862228274345398,0.1121729239821434,0.8867520689964294,0.841007649898529
0,0.39552217721939087,0.11162184178829193,0.8926349878311157,0.021516185253858566
0,0.40571799874305725,0.10279431194067001,0.010588022880256176,0.1701669991016388
0,0.36224034428596497,0.5589644312858582,0.748808741569519,0.17318333685398102
0,0.11800447851419449,0.5523077249526978,0.3050196170806885,0.029204629361629486
0,0.9926475286483765,0.960843563079834,0.9918078780174255,0.3122413158416748
0,0.8993481993675232,0.8463459014892578,0.8935468792915344,0.5886223912239075
0,0.9574217796325684,0.13049106299877167,0.01832471415400505,0.4491969645023346
0,0.7463796138763428,0.45003050565719604,0.10760921239852905,0.41793957352638245
0,0.10689274966716766,0.30946052074432373,0.5079486966133118,0.12438517808914185
0,0.6294443011283875,0.6757122278213501,0.7867505550384521,0.31836551427841187
0,0.007611457258462906,0.04112895205616951,0.006391669623553753,0.12753137946128845
0,0.12472707033157349,0.019830824807286263,0.06072777137160301,0.5373967289924622
0,0.28006625175476074,0.1007685661315918,0.020961975678801537,0.029751069843769073
0,0.2999565303325653,0.6644208431243896,0.0694991797208786,0.3251200318336487
0,0.6433351039886475,0.515762984752655,0.9455575942993164,0.4315410256385803
0,0.48608171939849854,0.0238104946911335,0.31719446182250977,0.8755320906639099
0,0.7798244953155518,0.4622648358345032,0.2808385193347931,0.5723661184310913
0,0.0065058753825724125,0.2838400900363922,0.004842189606279135,0.08484717458486557
0,0.18662358820438385,0.22415265440940857,0.3288595676422119,0.5718050599098206
0,0.8150736093521118,0.021238479763269424,0.8385760188102722,0.14478418231010437
0,0.6934400200843811,0.015699926763772964,0.0014338481705635786,0.4996480941772461
0,0.7459370493888855,0.042498629540205,0.13097433745861053,0.5783368945121765
0,0.9593939781188965,0.029484134167432785,0.9770368933677673,0.8535265326499939
0,0.3769283592700958,0.1999431997537613,0.3221316337585449,0.14546966552734375
0,0.10726502537727356,0.03801916539669037,0.008863522671163082,0.1470174789428711
0,0.9907196760177612,0.9851660132408142,0.03235258534550667,0.7700287103652954
0,0.10541407763957977,0.7678437232971191,0.07349852472543716,0.008108984678983688
0,0.5101895928382874,0.9591487050056458,0.9519632458686829,0.6248557567596436
0,0.1997820883989334,0.2791323661804199,0.1360483318567276,0.6051337718963623
0,0.018665343523025513,0.0647665485739708,0.054844170808792114,0.33561670780181885
0,0.743553876876831,0.9668942093849182,0.7237352132797241,0.40658342838287354
0,0.38093072175979614,0.22255082428455353,0.016511986032128334,0.6427582502365112
0,0.8850393891334534,0.764569103717804,0.9240712523460388,0.18930740654468536
0,0.17981109023094177,0.7712299227714539,0.626936674118042,0.5617902874946594
0,0.04776221513748169,0.07898164540529251,0.04309641942381859,0.06063046306371689
0,0.03200291842222214,0.029571298509836197,0.23227284848690033,0.12108001112937927
0,0.24137356877326965,0.561966598033905,0.5631981492042542,0.39625945687294006
0,0.14943872392177582,0.014037507586181164,0.27628418803215027,0.19791989028453827
0,0.040827393531799316,0.9111323952674866,0.8802007436752319,0.9088670015335083
0,0.3681635558605194,0.533680260181427,0.8485621809959412,0.7870540618896484
0,0.004263080190867186,0.03489810600876808,0.22993996739387512,0.2854331433773041
0,0.35715967416763306,0.19307145476341248,0.6977125406265259,0.07028481364250183
0,0.12193912267684937,0.0414271242916584,0.07267159968614578,0.9036450982093811
0,0.8699169158935547,0.42413845658302307,0.18710820376873016,0.6170350909233093
0,0.8146323561668396,0.8921748399734497,0.007992514409124851,0.7028970122337341
0,0.44338545203208923,0.03175826370716095,0.022603681311011314,0.07812043279409409
0,0.8807080984115601,0.4941921830177307,0.305247962474823,0.6536140441894531
0,0.24205282330513,0.1030263677239418,0.4739125072956085,0.40568122267723083
0,0.9512834548950195,0.5101560950279236,0.9825364351272583,0.9584222435951233
0,0.25784796476364136,0.6746034026145935,0.1590578705072403,0.6831080317497253
0,0.0015726388664916158,0.8942582011222839,0.8085544109344482,0.23172616958618164
0,0.772550642490387,0.7757849097251892,0.9086772203445435,0.7860092520713806
0,0.16325603425502777,0.05817381292581558,0.23852181434631348,0.054208654910326004
0,0.9686180353164673,0.7646212577819824,0.981622576713562,0.3057869076728821
0,0.008084647357463837,0.00534043600782752,0.0014994413359090686,0.06638787686824799
0,0.039360061287879944,0.6181710958480835,0.5300402641296387,0.17919428646564484
0,0.5928071737289429,0.5281479954719543,0.012465739622712135,0.05071290209889412
0,0.08826983720064163,0.02526872046291828,0.05212234705686569,0.03229345753788948
0,0.019464127719402313,0.0036860699765384197,0.03323196992278099,0.6462108492851257
0,0.9228760004043579,0.49556294083595276,0.8762921690940857,0.6153934597969055
0,0.4537126421928406,0.20911332964897156,0.4649534225463867,0.3943740129470825
0,0.0496172234416008,0.900409460067749,0.548225998878479,0.5509125590324402
0,0.8397486805915833,0.7936207056045532,0.9890413880348206,0.9088850021362305
0,0.5315663814544678,0.7756829261779785,0.9845444560050964,0.2091812640428543
0,0.5534965395927429,0.44859397411346436,0.9645803570747375,0.8314785957336426
0,0.0068413992412388325,0.16474345326423645,0.005822412669658661,0.01066888589411974
0,0.3645268976688385,0.09076590090990067,0.057918060570955276,0.9605149030685425
0,0.7980595231056213,0.6932842135429382,0.9375978112220764,0.0724986344575882
0,0.03399970009922981,0.1793847382068634,0.10588039457798004,0.1971389204263687
0,0.2386358082294464,0.249124214053154,0.04389384016394615,0.0913052186369896
0,0.02182951755821705,0.01115318201482296,0.03731044754385948,0.09996502101421356
0,0.25306758284568787,0.11034395545721054,0.7634760141372681,0.1985338032245636
0,0.6677036881446838,0.30383870005607605,0.42223072052001953,0.24012504518032074
0,0.15833353996276855,0.27369582653045654,0.03405732288956642,0.43864965438842773
0,0.2646162211894989,0.10398098826408386,0.5136050581932068,0.9229365587234497
0,0.9667115807533264,0.6126810908317566,0.20269082486629486,0.7909328937530518
0,0.013544343411922455,0.20540787279605865,0.17222757637500763,0.06669194996356964
0,0.9550132155418396,0.5274289846420288,0.9115961194038391,0.2220800817012787
0,0.8579634428024292,0.89647376537323,0.9417185187339783,0.22659605741500854
0,0.411256343126297,0.46599313616752625,0.19158008694648743,0.25732406973838806
0,0.03619985654950142,0.47355157136917114,0.40618735551834106,0.099526047706604
0,0.13718181848526,0.11025803536176682,0.6012955904006958,0.12233992666006088
0,0.025239018723368645,0.9203339219093323,0.6918051242828369,0.295831561088562
0,0.035202689468860626,0.01149408146739006,0.45894792675971985,0.9626307487487793
0,0.6600124835968018,0.2997353672981262,0.5774121284484863,0.8125848174095154
0,0.06034409999847412,0.14774906635284424,0.00913741160184145,0.07524799555540085
0,0.6529006958007812,0.09781213104724884,0.42194435000419617,0.16028492152690887
0,0.18807892501354218,0.7965357303619385,0.07224549353122711,0.7073560357093811
0,0.11016849428415298,0.15380722284317017,0.0484650544822216,0.2723805010318756
0,0.0003204604727216065,0.48472315073013306,0.052574995905160904,0.1818491369485855
0,0.6162869930267334,0.07439401745796204,0.02914433181285858,0.31809571385383606
0,0.4667721092700958,0.46064823865890503,0.3570140600204468,0.47008660435676575
0,0.8547691702842712,0.16436271369457245,0.3533617854118347,0.02970827743411064
0,0.0011131984647363424,0.014188690111041069,0.003896852256730199,0.02112032286822796
0,0.7621607780456543,0.83326655626297,0.38545501232147217,0.7037610411643982
0,0.06903211772441864,0.35945823788642883,0.8674854040145874,0.41407787799835205
0,0.009092891588807106,0.036096349358558655,0.005634187720716,0.28687334060668945
0,0.030114484950900078,0.008785235695540905,0.0622742623090744,0.00598378898575902
0,0.6340355277061462,0.17221947014331818,0.3426568806171417,0.3334985673427582
0,0.3141155540943146,0.0071043213829398155,0.012783686630427837,0.653003454208374
0,0.08399184048175812,0.8334824442863464,0.031408101320266724,0.14618751406669617
0,0.3686980605125427,0.3928723931312561,0.10475682467222214,0.22374504804611206
0,0.8914831876754761,0.5268435478210449,0.8896612524986267,0.8668351173400879
0,0.9979127049446106,0.7687979340553284,0.3886513113975525,0.6337412595748901
0,0.024925172328948975,0.014124412089586258,0.027438757941126823,0.026329047977924347
0,0.38626715540885925,0.15840625762939453,0.9035773873329163,0.7948830127716064
0,0.6402758359909058,0.17473995685577393,0.028532637283205986,0.034567371010780334
0,0.19944624602794647,0.6067832112312317,0.04926108941435814,0.033031463623046875
0,0.6495394110679626,0.6635377407073975,0.07506147772073746,0.5238114595413208
0,0.27305868268013,0.49346959590911865,0.7021387219429016,0.8388266563415527
0,0.45521798729896545,0.11446661502122879,0.2520429790019989,0.9301114082336426
0,0.059246376156806946,0.020944392308592796,0.6559910178184509,0.44956591725349426
0,0.7716566324234009,0.06478997319936752,0.657422661781311,0.9264180660247803
0,0.616204559803009,0.06375404447317123,0.5680240392684937,0.6291747093200684
0,0.3525151312351227,0.43386298418045044,0.016068680211901665,0.4491238594055176
0,0.3340923488140106,0.20368660986423492,0.01007880549877882,0.4534708261489868
0,0.09854365885257721,0.10443142801523209,0.011126146651804447,0.40201929211616516
0,0.966748833656311,0.4606708586215973,0.05717894807457924,0.9890176057815552
0,0.499912828207016,0.230338916182518,0.4656165838241577,0.16055062413215637
0,0.024474285542964935,0.04899900034070015,0.3042759299278259,0.09336120635271072
0,0.6070636510848999,0.03910441696643829,0.04933390021324158,0.11579271405935287
0,0.3854459524154663,0.7723058462142944,0.34331274032592773,0.29262420535087585
0,0.5776777863502502,0.6813592910766602,0.8138310313224792,0.8473011255264282
0,0.2589127719402313,0.9681969881057739,0.412471741437912,0.7770583033561707
0,0.09271214157342911,0.3274436593055725,0.2601148784160614,0.03320787474513054
0,0.027577660977840424,0.08852587640285492,0.006554340478032827,0.3206956386566162
0,0.3004469871520996,0.4023580253124237,0.006605538539588451,0.25336676836013794
0,0.19747281074523926,0.3291448950767517,0.9225804805755615,0.37233296036720276
0,0.03769274055957794,0.656214714050293,0.6848962903022766,0.5774340629577637
0,0.7020061016082764,0.8425685167312622,0.17448076605796814,0.41626545786857605
0,0.9482792615890503,0.25711268186569214,0.4712488353252411,0.8941430449485779
0,0.007393640466034412,0.053147342056035995,0.021459383890032768,0.23730169236660004
0,0.0027407738380134106,0.5033718347549438,0.1365734040737152,0.035613059997558594
0,0.8848690390586853,0.8737828135490417,0.1485319435596466,0.46930640935897827
0,0.05036165937781334,0.31023460626602173,0.1626785546541214,0.056048352271318436
0,0.9824492931365967,0.5614504218101501,0.39636677503585815,0.27616047859191895
0,0.012454257346689701,0.9843047261238098,0.05249226838350296,0.7209223508834839
0,0.07542016357183456,0.8193195462226868,0.015266919508576393,0.16416433453559875
0,0.7937113046646118,0.015860827639698982,0.8226640224456787,0.44294309616088867
0,0.8778106570243835,0.16445167362689972,0.04152493551373482,0.41850751638412476
0,0.06175364926457405,0.012461936101317406,0.2916412651538849,0.48142680525779724
0,0.8825796246528625,0.24432410299777985,0.8898677229881287,0.6615520119667053
0,0.005235460586845875,0.024156218394637108,0.013420493341982365,0.052079737186431885
0,0.18752175569534302,0.2841933071613312,0.015621255151927471,0.5911363363265991
0,0.05786513537168503,0.4502536952495575,0.06099613383412361,0.2052612006664276
0,0.07611764967441559,0.0066416445188224316,0.028132909908890724,0.10221672058105469
0,0.9908239841461182,0.9607078433036804,0.9754928946495056,0.30386143922805786
0,0.38387566804885864,0.2876429855823517,0.24548837542533875,0.4680642783641815
0,0.19112138450145721,0.6382309794425964,0.02201017551124096,0.6620799899101257
0,0.5978533029556274,0.029323430731892586,0.40910592675209045,0.28995734453201294
0,0.93083655834198,0.13947653770446777,0.7406929731369019,0.44658324122428894
0,0.9544752240180969,0.030433541163802147,0.06773461401462555,0.3773795962333679
0,0.7579354047775269,0.016385439783334732,0.19911596179008484,0.7502105832099915
0,0.5421796441078186,0.18087881803512573,0.008312790654599667,0.16001208126544952
0,0.9104533195495605,0.8215847611427307,0.5264099836349487,0.6522487998008728
0,0.042125772684812546,0.0026060629170387983,0.013119152747094631,0.1395900994539261
0,0.43867284059524536,0.3246496915817261,0.31879255175590515,0.47788456082344055
0,0.0017354078590869904,0.0701652392745018,0.05177077651023865,0.24663671851158142
0,0.4366663992404938,0.08730702102184296,0.16047997772693634,0.3432914912700653
0,0.3637380301952362,0.538207471370697,0.09511279314756393,0.7682000398635864
0,0.09641652554273605,0.6635426878929138,0.48753029108047485,0.9230725169181824
0,0.6249030828475952,0.9688915610313416,0.6762733459472656,0.9575108289718628
0,0.9339699745178223,0.24101422727108002,0.8668700456619263,0.3179551362991333
0,0.2793433368206024,0.0781588926911354,0.26176750659942627,0.013387998566031456
0,0.001988941803574562,0.6414308547973633,0.2275467962026596,0.11011730879545212
0,0.6679481267929077,0.4641323387622833,0.9914587736129761,0.7032159566879272
0,0.053773216903209686,0.06300006061792374,0.018604924902319908,0.6834025979042053
0,0.45440012216567993,0.7509525418281555,0.02088814601302147,0.10249211639165878
0,0.4498600959777832,0.23973405361175537,0.011028247885406017,0.7471143007278442
0,0.004277026280760765,0.047413669526576996,0.07146922498941422,0.03620663285255432
0,0.01518426276743412,0.2711334526538849,0.45641055703163147,0.06941024959087372
0,0.06838363409042358,0.017548343166708946,0.091624915599823,0.9074442386627197
0,0.08201347291469574,0.0647238940000534,0.03685266524553299,0.04147583246231079
0,0.9853793382644653,0.9731745719909668,0.7387527227401733,0.46135178208351135
0,0.16163420677185059,0.36977288126945496,0.4483143091201782,0.08218561112880707
0,0.20248831808567047,0.11058419942855835,0.01519459206610918,0.08387353271245956
0,0.07789503782987595,0.06373971700668335,0.07473614066839218,0.1865444928407669
0,0.5471204519271851,0.3154565095901489,0.9504227638244629,0.024830007925629616
0,0.3347610831260681,0.31622228026390076,0.1816597580909729,0.20681039988994598
0,0.033509619534015656,0.2440272867679596,0.09008459001779556,0.19911210238933563
0,0.0018268548883497715,0.08744997531175613,0.0027969449292868376,0.012813636101782322
0,0.1757652312517166,0.6000214219093323,0.05490929260849953,0.4486996531486511
0,0.8475902080535889,0.35379698872566223,0.35680946707725525,0.0786740854382515
0,0.6718171238899231,0.9812695980072021,0.058593954890966415,0.7372965812683105
0,0.8462172150611877,0.866879403591156,0.4137820601463318,0.6463450789451599
0,0.4092423915863037,0.3687431514263153,0.1626463085412979,0.7542322874069214
0,0.6598120927810669,0.8546930551528931,0.6192935109138489,0.8860902786254883
0,0.16976097226142883,0.06568228453397751,0.03675119951367378,0.039964765310287476
0,0.02838030830025673,0.36158281564712524,0.1968868523836136,0.27014362812042236
0,0.093016117811203,0.9669008255004883,0.08867523819208145,0.8160841464996338
0,0.0024043451994657516,0.5478825569152832,0.01801748014986515,0.32259491086006165
0,0.0062307449989020824,0.011946522630751133,0.05336565524339676,0.05610575154423714
0,0.9059229493141174,0.6011171340942383,0.9913767576217651,0.8789204955101013
0,0.9685676097869873,0.40264105796813965,0.82622230052948,0.17057524621486664
0,0.9257367253303528,0.06505738198757172,0.49769994616508484,0.18890127539634705
0,0.29191482067108154,0.00511845713481307,0.37334612011909485,0.23047956824302673
0,0.31577444076538086,0.11321210861206055,0.19749252498149872,0.2872462570667267
0,0.4627329409122467,0.7730008363723755,0.7207006216049194,0.1168675646185875
0,0.25454190373420715,0.36131903529167175,0.09754862636327744,0.12201876938343048
0,0.8379068374633789,0.2304684966802597,0.7072253823280334,0.35262531042099
0,0.56369549036026,0.17822694778442383,0.4683602750301361,0.9780656695365906
0,0.001796556287445128,0.001699297339655459,0.5912928581237793,0.20387747883796692
0,0.43981069326400757,0.9159551858901978,0.12428677827119827,0.08404634147882462
0,0.37295445799827576,0.9025675654411316,0.5658791065216064,0.06943899393081665
0,0.6377182602882385,0.3105420470237732,0.7311132550239563,0.17268730700016022
0,0.050826702266931534,0.004119615536183119,0.0732024535536766,0.1684880256652832
0,0.03296929597854614,0.0034661386162042618,0.019960688427090645,0.19127137959003448
0,0.5058962106704712,0.17267778515815735,0.8558663725852966,0.6473553776741028
0,0.7482686042785645,0.5540850162506104,0.23042339086532593,0.5091984272003174
0,0.9582301378250122,0.29215753078460693,0.20737923681735992,0.8009141087532043
0,0.33865511417388916,0.24461929500102997,0.6360858082771301,0.12679284811019897
0,0.9585831165313721,0.30831414461135864,0.9221985936164856,0.08520972728729248
0,0.7444524765014648,0.8224132657051086,0.05851788446307182,0.15456819534301758
0,0.032824911177158356,0.215903177857399,0.960793673992157,0.1317407637834549
0,0.986909806728363,0.0846245065331459,0.18875126540660858,0.13132886588573456
0,0.09102489054203033,0.5328847169876099,0.43733862042427063,0.23501139879226685
0,0.6619154214859009,0.12488094717264175,0.047660790383815765,0.3233693540096283
0,0.7122756242752075,0.06285345554351807,0.028331533074378967,0.10742085427045822
0,0.034647807478904724,0.013951537199318409,0.044008929282426834,0.9571527242660522
0,0.022044729441404343,0.10730677098035812,0.010410293936729431,0.06468001753091812
0,0.278557151556015,0.057694897055625916,0.16820821166038513,0.27281421422958374
0,0.3084464967250824,0.009474103339016438,0.14625200629234314,0.04992020130157471
0,0.6616556644439697,0.401233434677124,0.8788435459136963,0.3742830753326416
0,0.08324595540761948,0.4641745984554291,0.11846185475587845,0.12246572226285934
0,0.04337766766548157,0.2933611273765564,0.002916175639256835,0.30547410249710083
0,0.07660055160522461,0.0006907349452376366,0.007339855656027794,0.38957545161247253
0,0.0012677200138568878,0.6672875285148621,0.02244124747812748,0.43630680441856384
0,0.949618399143219,0.2530934512615204,0.0796523168683052,0.7283920049667358
0,0.39724597334861755,0.36938944458961487,0.9969724416732788,0.9438406825065613
0,0.16495347023010254,0.08169440925121307,0.3827710449695587,0.8076145052909851
0,0.5871666669845581,0.9724999070167542,0.7891747355461121,0.22684641182422638
0,0.3937146067619324,0.45601949095726013,0.755643904209137,0.45341062545776367
0,0.8889629244804382,0.6221781969070435,0.8561806678771973,0.2954898476600647
0,0.11629185825586319,0.0029001887887716293,0.8200551271438599,0.7243927717208862
0,0.008925937116146088,0.01608368195593357,0.19851310551166534,0.022780263796448708
0,0.4924781024456024,0.3985731601715088,0.03439485654234886,0.1590656191110611
0,0.04080003872513771,0.16319572925567627,0.0806536003947258,0.44710323214530945
0,0.3846115469932556,0.05894898250699043,0.032344188541173935,0.31512972712516785
0,0.01645120047032833,0.05224357172846794,0.08943311125040054,0.011292875744402409
0,0.866935670375824,0.01782694272696972,0.044550005346536636,0.15101337432861328
0,0.0017298876773566008,0.47844430804252625,0.009578922763466835,0.13630624115467072
0,0.12566600739955902,0.05447860062122345,0.38197624683380127,0.7945984601974487
0,0.0509825274348259,0.18585747480392456,0.6354822516441345,0.509203314781189
0,0.1464492678642273,0.8766029477119446,0.08511781692504883,0.04656945914030075
0,0.2214137762784958,0.8735858201980591,0.9711290597915649,0.9451285004615784
0,0.25819551944732666,0.18161669373512268,0.15389981865882874,0.30173376202583313
0,0.020021196454763412,0.17950162291526794,0.12515713274478912,0.03662314638495445
0,0.00044038015767000616,0.006930622272193432,0.30403226613998413,0.04716392233967781
0,0.7877375483512878,0.3982711434364319,0.2932068407535553,0.27704933285713196
0,0.994176983833313,0.37249380350112915,0.3600940406322479,0.8911884427070618
0,0.21736149489879608,0.01868080161511898,0.004234009422361851,0.29187318682670593
0,0.2878279685974121,0.16373716294765472,0.010649013333022594,0.944069504737854
0,0.0032863924279809,0.03726138547062874,0.9508574604988098,0.5366902351379395
0,0.09941048920154572,0.051644809544086456,0.008352254517376423,0.5069428086280823
0,0.16814886033535004,0.8174431920051575,0.11921568959951401,0.44068601727485657
0,0.45551639795303345,0.752442479133606,0.9189785718917847,0.5447151064872742
0,0.6227465867996216,0.2858111262321472,0.9872275590896606,0.22491015493869781
0,0.0906074047088623,0.25767427682876587,0.34701651334762573,0.014291792176663876
0,0.9854726195335388,0.5405278205871582,0.5546108484268188,0.6589487195014954
0,0.006117467302829027,0.01380158681422472,0.01074959896504879,0.3001217842102051
0,0.03231467679142952,0.7758200764656067,0.0622757263481617,0.5571794509887695
0,0.13753892481327057,0.2067502737045288,0.5337750315666199,0.6034150123596191
0,0.89322429895401,0.24084831774234772,0.448215126991272,0.3654661774635315
0,0.9554263353347778,0.833892822265625,0.9541923999786377,0.9074950218200684
0,0.5246940851211548,0.40277183055877686,0.01332901045680046,0.5023366808891296
0,0.13439080119132996,0.4951625466346741,0.9787524342536926,0.6242373585700989
0,0.6612151265144348,0.31709718704223633,0.9550132155418396,0.13558584451675415
0,0.9869428873062134,0.18488824367523193,0.9971300959587097,0.715770423412323
0,0.047704167664051056,0.041757117956876755,0.492883563041687,0.06667525321245193
0,0.3203337788581848,0.5679242610931396,0.06317790597677231,0.6718287467956543
0,0.0029896521009504795,0.5871894359588623,0.04246645048260689,0.03485887125134468
0,0.884337306022644,0.7063165307044983,0.9439930319786072,0.5321865677833557
0,0.016110090538859367,0.8663083910942078,0.009561796672642231,0.5186320543289185
0,0.3694179952144623,0.9914662837982178,0.9516643285751343,0.5291252732276917
0,0.6135092377662659,0.50373375415802,0.3004602789878845,0.07567204535007477
0,0.03115919604897499,0.9284360408782959,0.5825530886650085,0.8334444165229797
